{"Labels": {"_type": "images/separated", "width": 2000, "height": 2000, "format": "jpg", "count": 2, "captions": ["labels_correlogram.jpg", "labels.jpg"]}, "Mosaics": {"_type": "images/separated", "width": 1280, "height": 1280, "format": "jpg", "count": 3, "captions": ["train_batch2.jpg", "train_batch0.jpg", "train_batch1.jpg"]}, "train/box_loss": 0.07964664697647095, "train/obj_loss": 0.027899742126464844, "train/cls_loss": 0.43923449516296387, "metrics/precision": 0.008439847934537137, "metrics/recall": 0.33619384149419484, "metrics/mAP_0.5": 0.003951688196829126, "metrics/mAP_0.5:0.95": 0.0005949595368657184, "val/box_loss": 0.06493781507015228, "val/obj_loss": 0.016676777973771095, "val/cls_loss": 0.0, "x/lr0": 0.00316, "x/lr1": 0.00316, "x/lr2": 0.07156, "_runtime": 334, "_timestamp": 1627318331, "_step": 0}