{"x/lr2": 0.009564026096753471, "Labels": {"captions": ["labels_correlogram.jpg", "labels.jpg"], "_type": "images/separated", "count": 2, "width": 2000, "format": "jpg", "height": 2000}, "_runtime": 14121, "_timestamp": 1627376423, "_step": 46, "metrics/recall": 0.41191317516405856, "train/box_loss": 0.04912874847650528, "train/obj_loss": 0.02069585584104061, "metrics/precision": 0.516036120946198, "val/obj_loss": 0.010919452644884586, "x/lr1": 0.009564026096753471, "Mosaics": {"_type": "images/separated", "count": 3, "width": 1280, "format": "jpg", "height": 1280, "captions": ["train_batch2.jpg", "train_batch0.jpg", "train_batch1.jpg"]}, "train/cls_loss": 0.3135158121585846, "metrics/mAP_0.5:0.95": 0.11502311789645604, "x/lr0": 0.009564026096753471, "val/cls_loss": 0, "metrics/mAP_0.5": 0.3739030605079957, "val/box_loss": 0.049925968050956726}