{"train/box_loss": 0.04410331696271896, "metrics/mAP_0.5": 0.33918352581959255, "metrics/mAP_0.5:0.95": 0.10309584289471876, "x/lr2": 0.009331684962840398, "val/box_loss": 0.05094914883375168, "_timestamp": 1627384243, "metrics/recall": 0.4093891973750631, "_step": 57, "x/lr0": 0.009331684962840398, "_runtime": 18130, "train/obj_loss": 0.019996341317892075, "x/lr1": 0.009331684962840398, "Mosaics": {"count": 3, "width": 1280, "format": "jpg", "height": 1280, "captions": ["train_batch2.jpg", "train_batch0.jpg", "train_batch1.jpg"], "_type": "images/separated"}, "val/obj_loss": 0.010066604241728784, "train/cls_loss": 0.2540220618247986, "metrics/precision": 0.4589742981766816, "Labels": {"_type": "images/separated", "count": 2, "width": 2000, "format": "jpg", "height": 2000, "captions": ["labels_correlogram.jpg", "labels.jpg"]}, "val/cls_loss": 0}