{"Labels": {"_type": "images/separated", "width": 2000, "height": 2000, "format": "jpg", "count": 2, "captions": ["labels_correlogram.jpg", "labels.jpg"]}, "Mosaics": {"_type": "images/separated", "width": 1280, "height": 1280, "format": "jpg", "count": 3, "captions": ["train_batch2.jpg", "train_batch0.jpg", "train_batch1.jpg"]}, "train/box_loss": 0.04009612277150154, "train/obj_loss": 0.019176097586750984, "train/cls_loss": 0.0, "metrics/precision": 0.0, "metrics/recall": 0.0, "metrics/mAP_0.5": 0.0, "metrics/mAP_0.5:0.95": 0.0, "val/box_loss": 0.051674120128154755, "val/obj_loss": 0.011071114800870419, "val/cls_loss": 0.0, "x/lr0": 0.003786433803026623, "x/lr1": 0.003786433803026623, "x/lr2": 0.003786433803026623, "_runtime": 9565, "_timestamp": 1627140596, "_step": 207}