{"_step": 58, "x/lr1": 0.009308322297098248, "train/cls_loss": 0.30713951587677, "Labels": {"_type": "images/separated", "count": 2, "width": 2000, "format": "jpg", "height": 2000, "captions": ["labels_correlogram.jpg", "labels.jpg"]}, "_timestamp": 1627384532, "val/box_loss": 0.050236038863658905, "train/obj_loss": 0.01995185948908329, "Mosaics": {"_type": "images/separated", "count": 3, "width": 1280, "format": "jpg", "height": 1280, "captions": ["train_batch2.jpg", "train_batch0.jpg", "train_batch1.jpg"]}, "_runtime": 18419, "val/cls_loss": 0.0, "metrics/mAP_0.5": 0.3641121468675626, "metrics/precision": 0.5001278168149711, "metrics/mAP_0.5:0.95": 0.11336555231020873, "x/lr0": 0.009308322297098248, "x/lr2": 0.009308322297098248, "val/obj_loss": 0.00990105140954256, "metrics/recall": 0.4109035840484604, "train/box_loss": 0.04734872281551361}