{"Labels": {"_type": "images/separated", "width": 2000, "height": 2000, "format": "jpg", "count": 2, "captions": ["labels_correlogram.jpg", "labels.jpg"]}, "Mosaics": {"_type": "images/separated", "width": 1280, "height": 1280, "format": "jpg", "count": 3, "captions": ["train_batch2.jpg", "train_batch0.jpg", "train_batch1.jpg"]}, "train/box_loss": 0.05241570621728897, "train/obj_loss": 0.022152017802000046, "train/cls_loss": 0.0, "metrics/precision": 0.3598456404417464, "metrics/recall": 0.34174659262998486, "metrics/mAP_0.5": 0.26721250127232427, "metrics/mAP_0.5:0.95": 0.07610933793685612, "val/box_loss": 0.05481071025133133, "val/obj_loss": 0.011618334800004959, "val/cls_loss": 0.0, "x/lr0": 0.009962991361885774, "x/lr1": 0.009962991361885774, "x/lr2": 0.009962991361885774, "_runtime": 745, "_timestamp": 1627193382, "_step": 14}