{"Labels": {"_type": "images/separated", "width": 2000, "height": 2000, "format": "jpg", "count": 2, "captions": ["labels_correlogram.jpg", "labels.jpg"]}, "Mosaics": {"_type": "images/separated", "width": 1280, "height": 1280, "format": "jpg", "count": 3, "captions": ["train_batch2.jpg", "train_batch0.jpg", "train_batch1.jpg"]}, "train/box_loss": 0.07954993844032288, "train/obj_loss": 0.02787824347615242, "train/cls_loss": 0.485639363527298, "metrics/precision": 0.011738205983009934, "metrics/recall": 0.21352852094901564, "metrics/mAP_0.5": 0.005466562659073303, "metrics/mAP_0.5:0.95": 0.0008830642929287107, "val/box_loss": 0.0647660419344902, "val/obj_loss": 0.016806770116090775, "val/cls_loss": 0.0, "x/lr0": 0.00316, "x/lr1": 0.00316, "x/lr2": 0.07156, "_runtime": 332, "_timestamp": 1627361640, "_step": 0}