{"Labels": {"_type": "images/separated", "width": 2000, "height": 2000, "format": "jpg", "count": 2, "captions": ["labels_correlogram.jpg", "labels.jpg"]}, "Mosaics": {"_type": "images/separated", "width": 1152, "height": 1152, "format": "jpg", "count": 3, "captions": ["train_batch2.jpg", "train_batch0.jpg", "train_batch1.jpg"]}, "train/box_loss": 0.048857491463422775, "train/obj_loss": 0.03821033611893654, "train/cls_loss": 0.33331531286239624, "metrics/precision": 0.4865904984493933, "metrics/recall": 0.3624432104997476, "metrics/mAP_0.5": 0.32527429889070236, "metrics/mAP_0.5:0.95": 0.08958974565042985, "val/box_loss": 0.04821343719959259, "val/obj_loss": 0.011989790946245193, "val/cls_loss": 0.0, "x/lr0": 0.009894315611492642, "x/lr1": 0.009894315611492642, "x/lr2": 0.009894315611492642, "_runtime": 5394, "_timestamp": 1627239791, "_step": 23}