{"Labels": {"_type": "images/separated", "width": 2000, "height": 2000, "format": "jpg", "count": 2, "captions": ["labels_correlogram.jpg", "labels.jpg"]}, "Mosaics": {"_type": "images/separated", "width": 1280, "height": 1280, "format": "jpg", "count": 3, "captions": ["train_batch2.jpg", "train_batch0.jpg", "train_batch1.jpg"]}, "train/box_loss": 0.04912874847650528, "train/obj_loss": 0.02069585584104061, "train/cls_loss": 0.3135158121585846, "metrics/precision": 0.516036120946198, "metrics/recall": 0.41191317516405856, "metrics/mAP_0.5": 0.3739030605079957, "metrics/mAP_0.5:0.95": 0.11502311789645603, "val/box_loss": 0.049925968050956726, "val/obj_loss": 0.010919452644884586, "val/cls_loss": 0.0, "x/lr0": 0.009564026096753471, "x/lr1": 0.009564026096753471, "x/lr2": 0.009564026096753471, "_runtime": 14121, "_timestamp": 1627376423, "_step": 46}