{"_runtime": 16672, "train/box_loss": 0.04855074733495712, "train/cls_loss": 0.3149229884147644, "train/obj_loss": 0.020479995757341385, "_step": 53, "Labels": {"_type": "images/separated", "count": 2, "width": 2000, "format": "jpg", "height": 2000, "captions": ["labels_correlogram.jpg", "labels.jpg"]}, "val/cls_loss": 0.0, "metrics/precision": 0.5004854845037444, "Mosaics": {"_type": "images/separated", "count": 3, "width": 1280, "format": "jpg", "height": 1280, "captions": ["train_batch2.jpg", "train_batch0.jpg", "train_batch1.jpg"]}, "_timestamp": 1627381858, "val/box_loss": 0.0499565452337265, "val/obj_loss": 0.009791569784283638, "metrics/mAP_0.5": 0.37031072343421445, "metrics/mAP_0.5:0.95": 0.11297399810611275, "x/lr0": 0.009421457040642026, "x/lr1": 0.009421457040642026, "x/lr2": 0.009421457040642026, "metrics/recall": 0.4230186774356386}