{"Labels": {"_type": "images/separated", "width": 2000, "height": 2000, "format": "jpg", "count": 2, "captions": ["labels_correlogram.jpg", "labels.jpg"]}, "Mosaics": {"_type": "images/separated", "width": 1280, "height": 1280, "format": "jpg", "count": 3, "captions": ["train_batch2.jpg", "train_batch0.jpg", "train_batch1.jpg"]}, "train/box_loss": 0.053196653723716736, "train/obj_loss": 0.02821650728583336, "train/cls_loss": 0.32683485746383667, "metrics/precision": 0.5155774519798518, "metrics/recall": 0.3897021706208985, "metrics/mAP_0.5": 0.3641750986006978, "metrics/mAP_0.5:0.95": 0.11472377325880237, "val/box_loss": 0.045889027416706085, "val/obj_loss": 0.006969932466745377, "val/cls_loss": 0.0, "x/lr0": 0.004101010101010102, "x/lr1": 0.004101010101010102, "x/lr2": 0.004101010101010102, "_runtime": 19105, "_timestamp": 1627231798, "_step": 74}