{"Labels": {"_type": "images/separated", "width": 2000, "height": 2000, "format": "jpg", "count": 2, "captions": ["labels_correlogram.jpg", "labels.jpg"]}, "Mosaics": {"_type": "images/separated", "width": 1280, "height": 1280, "format": "jpg", "count": 3, "captions": ["train_batch2.jpg", "train_batch0.jpg", "train_batch1.jpg"]}, "train/box_loss": 0.08202242851257324, "train/obj_loss": 0.0268801711499691, "train/cls_loss": 0.48352691531181335, "metrics/precision": 0.011041042280458857, "metrics/recall": 0.06007067137809187, "metrics/mAP_0.5": 0.004749804068186465, "metrics/mAP_0.5:0.95": 0.0006986413079375127, "val/box_loss": 0.06674337387084961, "val/obj_loss": 0.01654548943042755, "val/cls_loss": 0.0, "x/lr0": 0.00316, "x/lr1": 0.00316, "x/lr2": 0.07156, "_runtime": 69, "_timestamp": 1627361254, "_step": 0}