{"x/lr1": 0.00937731170200806, "_runtime": 17357, "_timestamp": 1627382683, "val/cls_loss": 0.0, "metrics/mAP_0.5:0.95": 0.11058506171072786, "_step": 55, "metrics/precision": 0.49493935901610064, "x/lr2": 0.00937731170200806, "Mosaics": {"captions": ["train_batch2.jpg", "train_batch0.jpg", "train_batch1.jpg"], "_type": "images/separated", "count": 3, "width": 1280, "format": "jpg", "height": 1280}, "val/box_loss": 0.05032675713300705, "metrics/recall": 0.40563733849952927, "train/cls_loss": 0.28628697991371155, "train/obj_loss": 0.020227907225489616, "metrics/mAP_0.5": 0.3589168542721153, "x/lr0": 0.00937731170200806, "val/obj_loss": 0.009881523437798023, "train/box_loss": 0.04670172184705734, "Labels": {"format": "jpg", "height": 2000, "captions": ["labels_correlogram.jpg", "labels.jpg"], "_type": "images/separated", "count": 2, "width": 2000}}