{"Labels": {"_type": "images/separated", "width": 2000, "height": 2000, "format": "jpg", "count": 2, "captions": ["labels_correlogram.jpg", "labels.jpg"]}, "Mosaics": {"_type": "images/separated", "width": 1280, "height": 1280, "format": "jpg", "count": 3, "captions": ["train_batch2.jpg", "train_batch0.jpg", "train_batch1.jpg"]}, "train/box_loss": 0.060641635209321976, "train/obj_loss": 0.02511507086455822, "train/cls_loss": 0.444263219833374, "metrics/precision": 0.19682210822968352, "metrics/recall": 0.28369510348308935, "metrics/mAP_0.5": 0.09487193681387676, "metrics/mAP_0.5:0.95": 0.02086108415110496, "val/box_loss": 0.060629166662693024, "val/obj_loss": 0.012952732853591442, "val/cls_loss": 0.0, "x/lr0": 0.009998026241462926, "x/lr1": 0.009998026241462926, "x/lr2": 0.009998026241462926, "_runtime": 1237, "_timestamp": 1627323828, "_step": 3}