{"Labels": {"_type": "images/separated", "width": 2000, "height": 2000, "format": "jpg", "count": 2, "captions": ["labels_correlogram.jpg", "labels.jpg"]}, "Mosaics": {"_type": "images/separated", "width": 1280, "height": 1280, "format": "jpg", "count": 3, "captions": ["train_batch2.jpg", "train_batch0.jpg", "train_batch1.jpg"]}, "train/box_loss": 0.05759146064519882, "train/obj_loss": 0.024746965616941452, "train/cls_loss": 0.0, "metrics/precision": 0.0, "metrics/recall": 0.0, "metrics/mAP_0.5": 0.0, "metrics/mAP_0.5:0.95": 0.0, "val/box_loss": 0.05777069181203842, "val/obj_loss": 0.013035662472248077, "val/cls_loss": 0.0, "x/lr0": 0.009996491320395434, "x/lr1": 0.009996491320395434, "x/lr2": 0.009996491320395434, "_runtime": 298, "_timestamp": 1627115591, "_step": 5}