{"Labels": {"_type": "images/separated", "width": 2000, "height": 2000, "format": "jpg", "count": 2, "captions": ["labels_correlogram.jpg", "labels.jpg"]}, "Mosaics": {"_type": "images/separated", "width": 1280, "height": 1280, "format": "jpg", "count": 3, "captions": ["train_batch2.jpg", "train_batch0.jpg", "train_batch1.jpg"]}, "train/box_loss": 0.043064139783382416, "train/obj_loss": 0.01938399113714695, "train/cls_loss": 0.3115207850933075, "metrics/precision": 0.5155327385057892, "metrics/recall": 0.42489721759450855, "metrics/mAP_0.5": 0.3824836059515065, "metrics/mAP_0.5:0.95": 0.11959185769304695, "val/box_loss": 0.05035115033388138, "val/obj_loss": 0.010726633481681347, "val/cls_loss": 0.0, "x/lr0": 0.006209343824971776, "x/lr1": 0.006209343824971776, "x/lr2": 0.006209343824971776, "_runtime": 43382, "_timestamp": 1627239523, "_step": 146}