{"Labels": {"_type": "images/separated", "width": 2000, "height": 2000, "format": "jpg", "count": 2, "captions": ["labels_correlogram.jpg", "labels.jpg"]}, "Mosaics": {"_type": "images/separated", "width": 1280, "height": 1280, "format": "jpg", "count": 3, "captions": ["train_batch2.jpg", "train_batch0.jpg", "train_batch1.jpg"]}, "train/box_loss": 0.06505301594734192, "train/obj_loss": 0.028885073959827423, "train/cls_loss": 0.42299583554267883, "metrics/precision": 0.04709741036488644, "metrics/recall": 0.13276123170116103, "metrics/mAP_0.5": 0.02130215296369671, "metrics/mAP_0.5:0.95": 0.003434663114453671, "val/box_loss": 0.06193578243255615, "val/obj_loss": 0.015811020508408546, "val/cls_loss": 0.0, "x/lr0": 0.009499166597204413, "x/lr1": 0.009499166597204413, "x/lr2": 0.014499166597204419, "_runtime": 175, "_timestamp": 1627383070, "_step": 2}