{"Labels": {"_type": "images/separated", "width": 2000, "height": 2000, "format": "jpg", "count": 2, "captions": ["labels_correlogram.jpg", "labels.jpg"]}, "Mosaics": {"_type": "images/separated", "width": 1280, "height": 1280, "format": "jpg", "count": 3, "captions": ["train_batch2.jpg", "train_batch0.jpg", "train_batch1.jpg"]}, "train/box_loss": 0.06468084454536438, "train/obj_loss": 0.028191901743412018, "train/cls_loss": 0.0, "metrics/precision": 0.0, "metrics/recall": 0.0, "metrics/mAP_0.5": 0.0, "metrics/mAP_0.5:0.95": 0.0, "val/box_loss": 0.060050297528505325, "val/obj_loss": 0.015700386837124825, "val/cls_loss": 0.0, "x/lr0": 0.009499166597204413, "x/lr1": 0.009499166597204413, "x/lr2": 0.014499166597204419, "_runtime": 159, "_timestamp": 1626789786, "_step": 2}