{"Labels": {"_type": "images/separated", "width": 2000, "height": 2000, "format": "jpg", "count": 2, "captions": ["labels_correlogram.jpg", "labels.jpg"]}, "Mosaics": {"_type": "images/separated", "width": 1280, "height": 1280, "format": "jpg", "count": 3, "captions": ["train_batch2.jpg", "train_batch0.jpg", "train_batch1.jpg"]}, "train/box_loss": 0.058518365025520325, "train/obj_loss": 0.024622194468975067, "train/cls_loss": 0.37880468368530273, "metrics/precision": 0.24060156876839886, "metrics/recall": 0.3210499747602221, "metrics/mAP_0.5": 0.14676070403871122, "metrics/mAP_0.5:0.95": 0.03657990284067328, "val/box_loss": 0.057312726974487305, "val/obj_loss": 0.012717671692371368, "val/cls_loss": 0.0, "x/lr0": 0.009998026241462926, "x/lr1": 0.009998026241462926, "x/lr2": 0.009998026241462926, "_runtime": 1560, "_timestamp": 1627321602, "_step": 4}