{"Labels": {"_type": "images/separated", "width": 2000, "height": 2000, "format": "jpg", "count": 2, "captions": ["labels_correlogram.jpg", "labels.jpg"]}, "Mosaics": {"_type": "images/separated", "width": 1280, "height": 1280, "format": "jpg", "count": 3, "captions": ["train_batch2.jpg", "train_batch0.jpg", "train_batch1.jpg"]}, "train/box_loss": 0.08179604262113571, "train/obj_loss": 0.026956230401992798, "train/cls_loss": 0.4846749007701874, "metrics/precision": 0.016654698816974713, "metrics/recall": 0.104997476022211, "metrics/mAP_0.5": 0.006645064267384494, "metrics/mAP_0.5:0.95": 0.0010750782322031577, "val/box_loss": 0.06659865379333496, "val/obj_loss": 0.016466384753584862, "val/cls_loss": 0.0, "x/lr0": 0.00316, "x/lr1": 0.00316, "x/lr2": 0.07156, "_runtime": 81, "_timestamp": 1627383610, "_step": 0}