{"metrics/precision": 0.4859256905401538, "x/lr2": 0.0031715728752538096, "Mosaics": {"_type": "images/separated", "count": 3, "width": 1280, "format": "jpg", "height": 1280, "captions": ["train_batch2.jpg", "train_batch0.jpg", "train_batch1.jpg"]}, "val/box_loss": 0.05140027403831482, "val/cls_loss": 0.0, "metrics/recall": 0.4260474507824331, "train/box_loss": 0.03756638243794441, "x/lr0": 0.0031715728752538096, "val/obj_loss": 0.009933934547007084, "train/obj_loss": 0.01797528937458992, "metrics/mAP_0.5:0.95": 0.10997549751009375, "_timestamp": 1627440243, "train/cls_loss": 0.24383489787578583, "_step": 226, "x/lr1": 0.0031715728752538096, "Labels": {"width": 2000, "format": "jpg", "height": 2000, "captions": ["labels_correlogram.jpg", "labels.jpg"], "_type": "images/separated", "count": 2}, "_runtime": 74032, "metrics/mAP_0.5": 0.35353543526402964}