{"Labels": {"_type": "images/separated", "width": 2000, "height": 2000, "format": "jpg", "count": 2, "captions": ["labels_correlogram.jpg", "labels.jpg"]}, "Mosaics": {"_type": "images/separated", "width": 1280, "height": 1280, "format": "jpg", "count": 3, "captions": ["train_batch2.jpg", "train_batch0.jpg", "train_batch1.jpg"]}, "train/box_loss": 0.08271261304616928, "train/obj_loss": 0.02672438509762287, "train/cls_loss": 0.4839031398296356, "metrics/precision": 0.012404313577137688, "metrics/recall": 0.1171125694093892, "metrics/mAP_0.5": 0.00462115620593137, "metrics/mAP_0.5:0.95": 0.0007039243616000584, "val/box_loss": 0.06871851533651352, "val/obj_loss": 0.01607479155063629, "val/cls_loss": 0.0, "x/lr0": 0.00316, "x/lr1": 0.00316, "x/lr2": 0.07156, "_runtime": 70, "_timestamp": 1627379195, "_step": 0}