{"Labels": {"_type": "images/separated", "width": 2000, "height": 2000, "format": "jpg", "count": 2, "captions": ["labels_correlogram.jpg", "labels.jpg"]}, "Mosaics": {"_type": "images/separated", "width": 1280, "height": 1280, "format": "jpg", "count": 3, "captions": ["train_batch2.jpg", "train_batch0.jpg", "train_batch1.jpg"]}, "train/box_loss": 0.07233116775751114, "train/obj_loss": 0.02717381902039051, "train/cls_loss": 0.0, "metrics/precision": 0.0, "metrics/recall": 0.0, "metrics/mAP_0.5": 0.0, "metrics/mAP_0.5:0.95": 0.0, "val/box_loss": 0.06449317187070847, "val/obj_loss": 0.01596282795071602, "val/cls_loss": 0.0, "x/lr0": 0.006329861168833478, "x/lr1": 0.006329861168833478, "x/lr2": 0.04302986116883348, "_runtime": 117, "_timestamp": 1627116149, "_step": 1}