{"Labels": {"_type": "images/separated", "width": 2000, "height": 2000, "format": "jpg", "count": 2, "captions": ["labels_correlogram.jpg", "labels.jpg"]}, "Mosaics": {"_type": "images/separated", "width": 1280, "height": 1280, "format": "jpg", "count": 3, "captions": ["train_batch2.jpg", "train_batch0.jpg", "train_batch1.jpg"]}, "train/box_loss": 0.08159953355789185, "train/obj_loss": 0.0270277988165617, "train/cls_loss": 0.45840373635292053, "metrics/precision": 0.009071506734284335, "metrics/recall": 0.11408379606259465, "metrics/mAP_0.5": 0.003699155244627654, "metrics/mAP_0.5:0.95": 0.0005290808253590346, "val/box_loss": 0.07185830175876617, "val/obj_loss": 0.015253104269504547, "val/cls_loss": 0.0, "x/lr0": 0.00316, "x/lr1": 0.00316, "x/lr2": 0.07156, "_runtime": 72, "_timestamp": 1627322542, "_step": 0}