{"Labels": {"_type": "images/separated", "width": 2000, "height": 2000, "format": "jpg", "count": 2, "captions": ["labels_correlogram.jpg", "labels.jpg"]}, "Mosaics": {"_type": "images/separated", "width": 1280, "height": 1280, "format": "jpg", "count": 3, "captions": ["train_batch2.jpg", "train_batch0.jpg", "train_batch1.jpg"]}, "train/box_loss": 0.08187957853078842, "train/obj_loss": 0.02688463032245636, "train/cls_loss": 0.4809211790561676, "metrics/precision": 0.01953714915672822, "metrics/recall": 0.11206461383139828, "metrics/mAP_0.5": 0.007069583347173619, "metrics/mAP_0.5:0.95": 0.0010830791265358083, "val/box_loss": 0.06761159002780914, "val/obj_loss": 0.016139905899763107, "val/cls_loss": 0.0, "x/lr0": 0.00316, "x/lr1": 0.00316, "x/lr2": 0.07156, "_runtime": 71, "_timestamp": 1627382070, "_step": 0}