{"Labels": {"_type": "images/separated", "width": 2000, "height": 2000, "format": "jpg", "count": 2, "captions": ["labels_correlogram.jpg", "labels.jpg"]}, "Mosaics": {"_type": "images/separated", "width": 1280, "height": 1280, "format": "jpg", "count": 3, "captions": ["train_batch2.jpg", "train_batch0.jpg", "train_batch1.jpg"]}, "train/box_loss": 0.04690850153565407, "train/obj_loss": 0.020286763086915016, "train/cls_loss": 0.018955815583467484, "metrics/precision": 0.17372161639932437, "metrics/recall": 0.18281324466611248, "metrics/mAP_0.5": 0.13570825221343727, "metrics/mAP_0.5:0.95": 0.043634344738895596, "val/box_loss": 0.05067535489797592, "val/obj_loss": 0.010913755744695663, "val/cls_loss": 0.027538826689124107, "x/lr0": 0.006831646763271038, "x/lr1": 0.006831646763271038, "x/lr2": 0.006831646763271038, "_runtime": 5973, "_timestamp": 1626795818, "_step": 131}