{"Labels": {"_type": "images/separated", "width": 2000, "height": 2000, "format": "jpg", "count": 2, "captions": ["labels_correlogram.jpg", "labels.jpg"]}, "Mosaics": {"_type": "images/separated", "width": 1280, "height": 1280, "format": "jpg", "count": 3, "captions": ["train_batch2.jpg", "train_batch0.jpg", "train_batch1.jpg"]}, "train/box_loss": 0.08178111165761948, "train/obj_loss": 0.02701256424188614, "train/cls_loss": 0.45967406034469604, "metrics/precision": 0.012214154160628075, "metrics/recall": 0.14235234729934376, "metrics/mAP_0.5": 0.004841570102052654, "metrics/mAP_0.5:0.95": 0.0007072955259507586, "val/box_loss": 0.07103952765464783, "val/obj_loss": 0.015488246455788612, "val/cls_loss": 0.0, "x/lr0": 0.00316, "x/lr1": 0.00316, "x/lr2": 0.07156, "_runtime": 69, "_timestamp": 1627324280, "_step": 0}