{"Labels": {"_type": "images/separated", "width": 2000, "height": 2000, "format": "jpg", "count": 2, "captions": ["labels_correlogram.jpg", "labels.jpg"]}, "Mosaics": {"_type": "images/separated", "width": 1280, "height": 1280, "format": "jpg", "count": 3, "captions": ["train_batch2.jpg", "train_batch0.jpg", "train_batch1.jpg"]}, "train/box_loss": 0.04916447401046753, "train/obj_loss": 0.020889397710561752, "train/cls_loss": 0.32800528407096863, "metrics/precision": 0.44006004753972233, "metrics/recall": 0.3553760726905603, "metrics/mAP_0.5": 0.30863364968717794, "metrics/mAP_0.5:0.95": 0.0880879087941635, "val/box_loss": 0.05149849131703377, "val/obj_loss": 0.011618232354521751, "val/cls_loss": 0.0, "x/lr0": 0.009619308209864078, "x/lr1": 0.009619308209864078, "x/lr2": 0.009619308209864078, "_runtime": 2063, "_timestamp": 1627195985, "_step": 43}